medium,source,host
email,Outlook.com,mail.live.com
email,Orange Webmail,orange.fr/webmail
email,Optus Zoo,webmail.optuszoo.com.au
email,Gmail,mail.google.com
email,AOL Mail,mail.aol.com
email,Daum Mail,mail2.daum.net
email,QQ Mail,mail.qq.com
email,126 Mail,mail.126.com
email,Bigpond,webmail.bigpond.com
email,Bigpond,webmail2.bigpond.com
email,Naver Mail,mail.naver.com
email,163 Mail,mail.163.com
email,Yahoo! Mail,mail.yahoo.net
email,Yahoo! Mail,mail.yahoo.com
email,Yahoo! Mail,mail.yahoo.co.uk
email,Yahoo! Mail,mail.yahoo.co.jp
email,Seznam Mail,email.seznam.cz
email,Mynet Mail,mail.mynet.com
organic social,Renren,renren.com
organic social,Tumblr,tumblr.com
organic social,Flickr,flickr.com
organic social,Cyworld,global.cyworld.com
organic social,Tuenti,tuenti.com
organic social,Donanimhaber,donanimhaber.com
organic social,Windows Live Spaces,login.live.com
organic social,Sonico.com,sonico.com
organic social,StumbleUpon,stumbleupon.com
organic social,Disqus,redirect.disqus.com
organic social,Disqus,disq.us
organic social,Disqus,disqus.com
organic social,Netlog,netlog.com
organic social,Badoo,badoo.com
organic social,Mail.ru,my.mail.ru
organic social,Vkontakte,vk.com
organic social,Vkontakte,vkontakte.ru
organic social,Friends Reunited,friendsreunited.com
organic social,Geni,geni.com
organic social,Plaxo,plaxo.com
organic social,Pocket,itusozluk.com
organic social,Mixi,mixi.jp
organic social,Odnoklassniki,odnoklassniki.ru
organic social,Foursquare,foursquare.com
organic social,Multiply,multiply.com
organic social,Tagged,login.tagged.com
organic social,Flixster,flixster.com
organic social,StudiVZ,studivz.net
organic social,Fotolog,fotolog.com
organic social,myYearbook,myyearbook.com
organic social,Habbo,habbo.com
organic social,MoiKrug.ru,moikrug.ru
organic social,Uludag Sozluk,uludagsozluk.com
organic social,Uludag Sozluk,ulusozluk.com
organic social,Hocam.com,hocam.com
organic social,Hyves,hyves.nl
organic social,Taringa!,taringa.net
organic social,Classmates,classmates.com
organic social,Paper.li,paper.li
organic social,Twitter,twitter.com
organic social,Twitter,t.co
organic social,WeeWorld,weeworld.com
organic social,Weibo,weibo.com
organic social,Weibo,t.cn
organic social,StackOverflow,stackoverflow.com
organic social,Identi.ca,identi.ca
organic social,SourceForge,sourceforge.net
organic social,Instela,instela.com
organic social,Hacker News,news.ycombinator.com
organic social,GitHub,github.com
organic social,Inci Sozluk,inci.sozlukspot.com
organic social,Inci Sozluk,incisozluk.com
organic social,Inci Sozluk,incisozluk.cc
organic social,Viadeo,viadeo.com
organic social,Myspace,myspace.com
organic social,Nasza-klasa.pl,nk.pl
organic social,Qzone,qzone.qq.com
organic social,LiveJournal,livejournal.ru
organic social,Xanga,xanga.com
organic social,Instagram,instagram.com
organic social,Last.fm,lastfm.ru
organic social,hi5,hi5.com
organic social,XING,xing.com
organic social,Google+,url.google.com
organic social,Google+,plus.google.com
organic social,LinkedIn,linkedin.com
organic social,LinkedIn,lnkd.in
organic social,BlackPlanet,blackplanet.com
organic social,Bebo,bebo.com
organic social,Skyrock,skyrock.com
organic social,Eksi Sozluk,Sozluk.com
organic social,Eksi Sozluk,sourtimes.org
organic social,Facebook,facebook.com
organic social,Facebook,fb.me
organic social,Facebook,m.facebook.com
organic social,Facebook,l.facebook.com
organic social,Facebook,lm.facebook.com
organic social,vKruguDruzei.ru,vkrugudruzei.ru
organic social,MyHeritage,myheritage.com
organic social,Youtube,youtube.com
organic social,Youtube,youtu.be
organic social,MyLife,mylife.ru
organic social,Douban,douban.com
organic social,Delicious,delicious.com
organic social,WAYN,wayn.com
organic social,Friendster,friendster.com
organic social,Vimeo,vimeo.com
organic social,Gaia Online,gaiaonline.com
organic social,Orkut,orkut.com
organic social,Reddit,reddit.com
organic social,Quora,quora.com
organic search,Lo.st,lo.st
organic search,Lycos,search.lycos.com
organic search,Lycos,lycos.com
organic search,Hit-Parade,req.-hit-parade.com
organic search,Hit-Parade,class.hit-parade.com
organic search,Hit-Parade,hit-parade.com
organic search,Suchmaschine.com,suchmaschine.com
organic search,Hotbot,hotbot.com
organic search,Conduit,search.conduit.com
organic search,Weborama,weborama.com
organic search,Toolbarhome,toolbarhome.com
organic search,Toolbarhome,vshare.toolbarhome.com
organic search,Ilse,ilse.nl
organic search,TalkTalk,talktalk.co.uk
organic search,Baidu,baidu.com
organic search,Baidu,.baidu.com
organic search,Baidu,zhidao.baidu.com
organic search,Baidu,tieba.baidu.com
organic search,Baidu,news.baidu.com
organic search,Baidu,web.gougou.com
organic search,Picsearch,picsearch.com
organic search,Genieo,search.genieo.com
organic search,maailm,maailm.com
organic search,IXquick,ixquick.com
organic search,IXquick,eu.ixquick.com
organic search,IXquick,ixquick.de
organic search,IXquick,us.ixquick.com
organic search,IXquick,s1.us.ixquick.com
organic search,IXquick,s2.us.ixquick.com
organic search,IXquick,s3.us.ixquick.com
organic search,IXquick,s4.us.ixquick.com
organic search,IXquick,s5.us.ixquick.com
organic search,IXquick,s8-eu.ixquick.com
organic search,IXquick,s1-eu.ixquick.de
organic search,Centrum,serach.centrum.cz
organic search,Centrum,morfeo.centrum.cz
organic search,Meinestadt,meinestadt.de
organic search,Teoma,teoma.com
organic search,Jyxo,jyxo.1188.cz
organic search,HighBeam,highbeam.com
organic search,AllTheWeb,alltheweb.com
organic search,APOLL07,apollo7.de
organic search,Google Blogsearch,blogsearch.google.ac
organic search,Google Blogsearch,blogsearch.google.ad
organic search,Google Blogsearch,blogsearch.google.ae
organic search,Google Blogsearch,blogsearch.google.am
organic search,Google Blogsearch,blogsearch.google.as
organic search,Google Blogsearch,blogsearch.google.at
organic search,Google Blogsearch,blogsearch.google.az
organic search,Google Blogsearch,blogsearch.google.ba
organic search,Google Blogsearch,blogsearch.google.be
organic search,Google Blogsearch,blogsearch.google.bf
organic search,Google Blogsearch,blogsearch.google.bg
organic search,Google Blogsearch,blogsearch.google.bi
organic search,Google Blogsearch,blogsearch.google.bj
organic search,Google Blogsearch,blogsearch.google.bs
organic search,Google Blogsearch,blogsearch.google.by
organic search,Google Blogsearch,blogsearch.google.ca
organic search,Google Blogsearch,blogsearch.google.cat
organic search,Google Blogsearch,blogsearch.google.cc
organic search,Google Blogsearch,blogsearch.google.cd
organic search,Google Blogsearch,blogsearch.google.cf
organic search,Google Blogsearch,blogsearch.google.cg
organic search,Google Blogsearch,blogsearch.google.ch
organic search,Google Blogsearch,blogsearch.google.ci
organic search,Google Blogsearch,blogsearch.google.cl
organic search,Google Blogsearch,blogsearch.google.cm
organic search,Google Blogsearch,blogsearch.google.cn
organic search,Google Blogsearch,blogsearch.google.co.bw
organic search,Google Blogsearch,blogsearch.google.co.ck
organic search,Google Blogsearch,blogsearch.google.co.cr
organic search,Google Blogsearch,blogsearch.google.co.id
organic search,Google Blogsearch,blogsearch.google.co.il
organic search,Google Blogsearch,blogsearch.google.co.in
organic search,Google Blogsearch,blogsearch.google.co.jp
organic search,Google Blogsearch,blogsearch.google.co.ke
organic search,Google Blogsearch,blogsearch.google.co.kr
organic search,Google Blogsearch,blogsearch.google.co.ls
organic search,Google Blogsearch,blogsearch.google.co.ma
organic search,Google Blogsearch,blogsearch.google.co.mz
organic search,Google Blogsearch,blogsearch.google.co.nz
organic search,Google Blogsearch,blogsearch.google.co.th
organic search,Google Blogsearch,blogsearch.google.co.tz
organic search,Google Blogsearch,blogsearch.google.co.ug
organic search,Google Blogsearch,blogsearch.google.co.uk
organic search,Google Blogsearch,blogsearch.google.co.uz
organic search,Google Blogsearch,blogsearch.google.co.ve
organic search,Google Blogsearch,blogsearch.google.co.vi
organic search,Google Blogsearch,blogsearch.google.co.za
organic search,Google Blogsearch,blogsearch.google.co.zm
organic search,Google Blogsearch,blogsearch.google.co.zw
organic search,Google Blogsearch,blogsearch.google.com
organic search,Google Blogsearch,blogsearch.google.com.af
organic search,Google Blogsearch,blogsearch.google.com.ag
organic search,Google Blogsearch,blogsearch.google.com.ai
organic search,Google Blogsearch,blogsearch.google.com.ar
organic search,Google Blogsearch,blogsearch.google.com.au
organic search,Google Blogsearch,blogsearch.google.com.bd
organic search,Google Blogsearch,blogsearch.google.com.bh
organic search,Google Blogsearch,blogsearch.google.com.bn
organic search,Google Blogsearch,blogsearch.google.com.bo
organic search,Google Blogsearch,blogsearch.google.com.br
organic search,Google Blogsearch,blogsearch.google.com.by
organic search,Google Blogsearch,blogsearch.google.com.bz
organic search,Google Blogsearch,blogsearch.google.com.co
organic search,Google Blogsearch,blogsearch.google.com.cu
organic search,Google Blogsearch,blogsearch.google.com.cy
organic search,Google Blogsearch,blogsearch.google.com.do
organic search,Google Blogsearch,blogsearch.google.com.ec
organic search,Google Blogsearch,blogsearch.google.com.eg
organic search,Google Blogsearch,blogsearch.google.com.et
organic search,Google Blogsearch,blogsearch.google.com.fj
organic search,Google Blogsearch,blogsearch.google.com.gh
organic search,Google Blogsearch,blogsearch.google.com.gi
organic search,Google Blogsearch,blogsearch.google.com.gt
organic search,Google Blogsearch,blogsearch.google.com.hk
organic search,Google Blogsearch,blogsearch.google.com.jm
organic search,Google Blogsearch,blogsearch.google.com.kh
organic search,Google Blogsearch,blogsearch.google.com.kw
organic search,Google Blogsearch,blogsearch.google.com.lb
organic search,Google Blogsearch,blogsearch.google.com.lc
organic search,Google Blogsearch,blogsearch.google.com.ly
organic search,Google Blogsearch,blogsearch.google.com.mt
organic search,Google Blogsearch,blogsearch.google.com.mx
organic search,Google Blogsearch,blogsearch.google.com.my
organic search,Google Blogsearch,blogsearch.google.com.na
organic search,Google Blogsearch,blogsearch.google.com.nf
organic search,Google Blogsearch,blogsearch.google.com.ng
organic search,Google Blogsearch,blogsearch.google.com.ni
organic search,Google Blogsearch,blogsearch.google.com.np
organic search,Google Blogsearch,blogsearch.google.com.om
organic search,Google Blogsearch,blogsearch.google.com.pa
organic search,Google Blogsearch,blogsearch.google.com.pe
organic search,Google Blogsearch,blogsearch.google.com.ph
organic search,Google Blogsearch,blogsearch.google.com.pk
organic search,Google Blogsearch,blogsearch.google.com.pr
organic search,Google Blogsearch,blogsearch.google.com.py
organic search,Google Blogsearch,blogsearch.google.com.qa
organic search,Google Blogsearch,blogsearch.google.com.sa
organic search,Google Blogsearch,blogsearch.google.com.sb
organic search,Google Blogsearch,blogsearch.google.com.sg
organic search,Google Blogsearch,blogsearch.google.com.sl
organic search,Google Blogsearch,blogsearch.google.com.sv
organic search,Google Blogsearch,blogsearch.google.com.tj
organic search,Google Blogsearch,blogsearch.google.com.tn
organic search,Google Blogsearch,blogsearch.google.com.tr
organic search,Google Blogsearch,blogsearch.google.com.tw
organic search,Google Blogsearch,blogsearch.google.com.ua
organic search,Google Blogsearch,blogsearch.google.com.uy
organic search,Google Blogsearch,blogsearch.google.com.vc
organic search,Google Blogsearch,blogsearch.google.com.vn
organic search,Google Blogsearch,blogsearch.google.cv
organic search,Google Blogsearch,blogsearch.google.cz
organic search,Google Blogsearch,blogsearch.google.de
organic search,Google Blogsearch,blogsearch.google.dj
organic search,Google Blogsearch,blogsearch.google.dk
organic search,Google Blogsearch,blogsearch.google.dm
organic search,Google Blogsearch,blogsearch.google.dz
organic search,Google Blogsearch,blogsearch.google.ee
organic search,Google Blogsearch,blogsearch.google.es
organic search,Google Blogsearch,blogsearch.google.fi
organic search,Google Blogsearch,blogsearch.google.fm
organic search,Google Blogsearch,blogsearch.google.fr
organic search,Google Blogsearch,blogsearch.google.ga
organic search,Google Blogsearch,blogsearch.google.gd
organic search,Google Blogsearch,blogsearch.google.ge
organic search,Google Blogsearch,blogsearch.google.gf
organic search,Google Blogsearch,blogsearch.google.gg
organic search,Google Blogsearch,blogsearch.google.gl
organic search,Google Blogsearch,blogsearch.google.gm
organic search,Google Blogsearch,blogsearch.google.gp
organic search,Google Blogsearch,blogsearch.google.gr
organic search,Google Blogsearch,blogsearch.google.gy
organic search,Google Blogsearch,blogsearch.google.hn
organic search,Google Blogsearch,blogsearch.google.hr
organic search,Google Blogsearch,blogsearch.google.ht
organic search,Google Blogsearch,blogsearch.google.hu
organic search,Google Blogsearch,blogsearch.google.ie
organic search,Google Blogsearch,blogsearch.google.im
organic search,Google Blogsearch,blogsearch.google.io
organic search,Google Blogsearch,blogsearch.google.iq
organic search,Google Blogsearch,blogsearch.google.is
organic search,Google Blogsearch,blogsearch.google.it
organic search,Google Blogsearch,blogsearch.google.it.ao
organic search,Google Blogsearch,blogsearch.google.je
organic search,Google Blogsearch,blogsearch.google.jo
organic search,Google Blogsearch,blogsearch.google.kg
organic search,Google Blogsearch,blogsearch.google.ki
organic search,Google Blogsearch,blogsearch.google.kz
organic search,Google Blogsearch,blogsearch.google.la
organic search,Google Blogsearch,blogsearch.google.li
organic search,Google Blogsearch,blogsearch.google.lk
organic search,Google Blogsearch,blogsearch.google.lt
organic search,Google Blogsearch,blogsearch.google.lu
organic search,Google Blogsearch,blogsearch.google.lv
organic search,Google Blogsearch,blogsearch.google.md
organic search,Google Blogsearch,blogsearch.google.me
organic search,Google Blogsearch,blogsearch.google.mg
organic search,Google Blogsearch,blogsearch.google.mk
organic search,Google Blogsearch,blogsearch.google.ml
organic search,Google Blogsearch,blogsearch.google.mn
organic search,Google Blogsearch,blogsearch.google.ms
organic search,Google Blogsearch,blogsearch.google.mu
organic search,Google Blogsearch,blogsearch.google.mv
organic search,Google Blogsearch,blogsearch.google.mw
organic search,Google Blogsearch,blogsearch.google.ne
organic search,Google Blogsearch,blogsearch.google.nl
organic search,Google Blogsearch,blogsearch.google.no
organic search,Google Blogsearch,blogsearch.google.nr
organic search,Google Blogsearch,blogsearch.google.nu
organic search,Google Blogsearch,blogsearch.google.pl
organic search,Google Blogsearch,blogsearch.google.pn
organic search,Google Blogsearch,blogsearch.google.ps
organic search,Google Blogsearch,blogsearch.google.pt
organic search,Google Blogsearch,blogsearch.google.ro
organic search,Google Blogsearch,blogsearch.google.rs
organic search,Google Blogsearch,blogsearch.google.ru
organic search,Google Blogsearch,blogsearch.google.rw
organic search,Google Blogsearch,blogsearch.google.sc
organic search,Google Blogsearch,blogsearch.google.se
organic search,Google Blogsearch,blogsearch.google.sh
organic search,Google Blogsearch,blogsearch.google.si
organic search,Google Blogsearch,blogsearch.google.sk
organic search,Google Blogsearch,blogsearch.google.sm
organic search,Google Blogsearch,blogsearch.google.sn
organic search,Google Blogsearch,blogsearch.google.so
organic search,Google Blogsearch,blogsearch.google.st
organic search,Google Blogsearch,blogsearch.google.td
organic search,Google Blogsearch,blogsearch.google.tg
organic search,Google Blogsearch,blogsearch.google.tk
organic search,Google Blogsearch,blogsearch.google.tl
organic search,Google Blogsearch,blogsearch.google.tm
organic search,Google Blogsearch,blogsearch.google.to
organic search,Google Blogsearch,blogsearch.google.tt
organic search,Google Blogsearch,blogsearch.google.us
organic search,Google Blogsearch,blogsearch.google.vg
organic search,Google Blogsearch,blogsearch.google.vu
organic search,Google Blogsearch,blogsearch.google.ws
organic search,Nigma,nigma.ru
organic search,Aport,sm.aport.ru
organic search,Web.nl,web.nl
organic search,PeoplePC,search.peoplepc.com
organic search,Blogdigger,blogdigger.com
organic search,FriendFeed,friendfeed.com
organic search,Softonic,search.softonic.com
organic search,Seznam,search.seznam.cz
organic search,X-recherche,x-recherche.com
organic search,Crawler,crawler.com
organic search,WWW,search.www.ee
organic search,Digg,digg.com
organic search,Apollo Latvia,apollo.lv/portal/search/
organic search,Zoek,.zoek.nl
organic search,goo,search.goo.ne.jp
organic search,goo,ocnsearch.goo.ne.jp
organic search,Bing,bing.com
organic search,Bing,msnbc.msn.com
organic search,Bing,dizionario.it.msn.com
organic search,Bing,cc.bingj.com
organic search,Bing,m.bing.com
organic search,Skynet,skynet.be
organic search,Gigablast,gigablast.com
organic search,Gigablast,dir.gigablast.com
organic search,Nate,search.nate.com
organic search,URL.ORGanizier,url.org
organic search,MetaCrawler.de,s1.metacrawler.de
organic search,MetaCrawler.de,s2.metacrawler.de
organic search,MetaCrawler.de,s3.metacrawler.de
organic search,El Mundo,ariadna.elmundo.es
organic search,Zapmeta,zapmeta.com
organic search,Zapmeta,zapmeta.nl
organic search,Zapmeta,zapmeta.de
organic search,Zapmeta,uk.zapmeta.com
organic search,Forestle,forestle.org
organic search,Forestle,forestle.mobi
organic search,Maxwebsearch,maxwebsearch.com
organic search,Mozbot,mozbot.fr
organic search,Mozbot,mozbot.co.uk
organic search,Mozbot,mozbot.com
organic search,Startpagina,startgoogle.startpagina.nl
organic search,canoe.ca,web.canoe.ca
organic search,Needtofind,ko.search.need2find.com
organic search,Apontador,apontador.com.br
organic search,Mail.ru,go.mail.ru
organic search,Latne,latne.lv
organic search,Qualigo,qualigo.at
organic search,Qualigo,qualigo.ch
organic search,Qualigo,qualigo.de
organic search,Qualigo,qualigo.nl
organic search,WebSearch,websearch.com
organic search,Snapdo,search.snapdo.com
organic search,Vindex,vindex.nl
organic search,Vindex,search.vindex.nl
organic search,Twingly,twingly.com
organic search,Alice Adsl,rechercher.aliceadsl.fr
organic search,Ask Toolbar,search.tb.ask.com
organic search,I-play,start.iplay.com
organic search,Charter,charter.net
organic search,Daemon search,daemon-search.com
organic search,Daemon search,my.daemon-search.com
organic search,Babylon,search.babylon.com
organic search,Babylon,searchassist.babylon.com
organic search,all.by,all.by
organic search,Google Video,video.google.com
organic search,Terra,buscador.terra.es
organic search,Terra,buscador.terra.cl
organic search,Terra,buscador.terra.com.br
organic search,Amazon,amazon.com
organic search,Looksmart,looksmart.com
organic search,Eniro,eniro.se
organic search,Walhello,walhello.info
organic search,Walhello,walhello.com
organic search,Walhello,walhello.de
organic search,Walhello,walhello.nl
organic search,Jungle Key,junglekey.com
organic search,Jungle Key,junglekey.fr
organic search,Mamma,mamma.com
organic search,Mamma,mamma75.mamma.com
organic search,Nifty,search.nifty.com
organic search,Globososo,searches.globososo.com
organic search,Globososo,search.globososo.com
organic search,Google Images,google.ac/imgres
organic search,Google Images,google.ad/imgres
organic search,Google Images,google.ae/imgres
organic search,Google Images,google.am/imgres
organic search,Google Images,google.as/imgres
organic search,Google Images,google.at/imgres
organic search,Google Images,google.az/imgres
organic search,Google Images,google.ba/imgres
organic search,Google Images,google.be/imgres
organic search,Google Images,google.bf/imgres
organic search,Google Images,google.bg/imgres
organic search,Google Images,google.bi/imgres
organic search,Google Images,google.bj/imgres
organic search,Google Images,google.bs/imgres
organic search,Google Images,google.by/imgres
organic search,Google Images,google.ca/imgres
organic search,Google Images,google.cat/imgres
organic search,Google Images,google.cc/imgres
organic search,Google Images,google.cd/imgres
organic search,Google Images,google.cf/imgres
organic search,Google Images,google.cg/imgres
organic search,Google Images,google.ch/imgres
organic search,Google Images,google.ci/imgres
organic search,Google Images,google.cl/imgres
organic search,Google Images,google.cm/imgres
organic search,Google Images,google.cn/imgres
organic search,Google Images,google.co.bw/imgres
organic search,Google Images,google.co.ck/imgres
organic search,Google Images,google.co.cr/imgres
organic search,Google Images,google.co.id/imgres
organic search,Google Images,google.co.il/imgres
organic search,Google Images,google.co.in/imgres
organic search,Google Images,google.co.jp/imgres
organic search,Google Images,google.co.ke/imgres
organic search,Google Images,google.co.kr/imgres
organic search,Google Images,google.co.ls/imgres
organic search,Google Images,google.co.ma/imgres
organic search,Google Images,google.co.mz/imgres
organic search,Google Images,google.co.nz/imgres
organic search,Google Images,google.co.th/imgres
organic search,Google Images,google.co.tz/imgres
organic search,Google Images,google.co.ug/imgres
organic search,Google Images,google.co.uk/imgres
organic search,Google Images,google.co.uz/imgres
organic search,Google Images,google.co.ve/imgres
organic search,Google Images,google.co.vi/imgres
organic search,Google Images,google.co.za/imgres
organic search,Google Images,google.co.zm/imgres
organic search,Google Images,google.co.zw/imgres
organic search,Google Images,google.com/imgres
organic search,Google Images,google.com.af/imgres
organic search,Google Images,google.com.ag/imgres
organic search,Google Images,google.com.ai/imgres
organic search,Google Images,google.com.ar/imgres
organic search,Google Images,google.com.au/imgres
organic search,Google Images,google.com.bd/imgres
organic search,Google Images,google.com.bh/imgres
organic search,Google Images,google.com.bn/imgres
organic search,Google Images,google.com.bo/imgres
organic search,Google Images,google.com.br/imgres
organic search,Google Images,google.com.by/imgres
organic search,Google Images,google.com.bz/imgres
organic search,Google Images,google.com.co/imgres
organic search,Google Images,google.com.cu/imgres
organic search,Google Images,google.com.cy/imgres
organic search,Google Images,google.com.do/imgres
organic search,Google Images,google.com.ec/imgres
organic search,Google Images,google.com.eg/imgres
organic search,Google Images,google.com.et/imgres
organic search,Google Images,google.com.fj/imgres
organic search,Google Images,google.com.gh/imgres
organic search,Google Images,google.com.gi/imgres
organic search,Google Images,google.com.gt/imgres
organic search,Google Images,google.com.hk/imgres
organic search,Google Images,google.com.jm/imgres
organic search,Google Images,google.com.kh/imgres
organic search,Google Images,google.com.kw/imgres
organic search,Google Images,google.com.lb/imgres
organic search,Google Images,google.com.lc/imgres
organic search,Google Images,google.com.ly/imgres
organic search,Google Images,google.com.mt/imgres
organic search,Google Images,google.com.mx/imgres
organic search,Google Images,google.com.my/imgres
organic search,Google Images,google.com.na/imgres
organic search,Google Images,google.com.nf/imgres
organic search,Google Images,google.com.ng/imgres
organic search,Google Images,google.com.ni/imgres
organic search,Google Images,google.com.np/imgres
organic search,Google Images,google.com.om/imgres
organic search,Google Images,google.com.pa/imgres
organic search,Google Images,google.com.pe/imgres
organic search,Google Images,google.com.ph/imgres
organic search,Google Images,google.com.pk/imgres
organic search,Google Images,google.com.pr/imgres
organic search,Google Images,google.com.py/imgres
organic search,Google Images,google.com.qa/imgres
organic search,Google Images,google.com.sa/imgres
organic search,Google Images,google.com.sb/imgres
organic search,Google Images,google.com.sg/imgres
organic search,Google Images,google.com.sl/imgres
organic search,Google Images,google.com.sv/imgres
organic search,Google Images,google.com.tj/imgres
organic search,Google Images,google.com.tn/imgres
organic search,Google Images,google.com.tr/imgres
organic search,Google Images,google.com.tw/imgres
organic search,Google Images,google.com.ua/imgres
organic search,Google Images,google.com.uy/imgres
organic search,Google Images,google.com.vc/imgres
organic search,Google Images,google.com.vn/imgres
organic search,Google Images,google.cv/imgres
organic search,Google Images,google.cz/imgres
organic search,Google Images,google.de/imgres
organic search,Google Images,google.dj/imgres
organic search,Google Images,google.dk/imgres
organic search,Google Images,google.dm/imgres
organic search,Google Images,google.dz/imgres
organic search,Google Images,google.ee/imgres
organic search,Google Images,google.es/imgres
organic search,Google Images,google.fi/imgres
organic search,Google Images,google.fm/imgres
organic search,Google Images,google.fr/imgres
organic search,Google Images,google.ga/imgres
organic search,Google Images,google.gd/imgres
organic search,Google Images,google.ge/imgres
organic search,Google Images,google.gf/imgres
organic search,Google Images,google.gg/imgres
organic search,Google Images,google.gl/imgres
organic search,Google Images,google.gm/imgres
organic search,Google Images,google.gp/imgres
organic search,Google Images,google.gr/imgres
organic search,Google Images,google.gy/imgres
organic search,Google Images,google.hn/imgres
organic search,Google Images,google.hr/imgres
organic search,Google Images,google.ht/imgres
organic search,Google Images,google.hu/imgres
organic search,Google Images,google.ie/imgres
organic search,Google Images,google.im/imgres
organic search,Google Images,google.io/imgres
organic search,Google Images,google.iq/imgres
organic search,Google Images,google.is/imgres
organic search,Google Images,google.it/imgres
organic search,Google Images,google.it.ao/imgres
organic search,Google Images,google.je/imgres
organic search,Google Images,google.jo/imgres
organic search,Google Images,google.kg/imgres
organic search,Google Images,google.ki/imgres
organic search,Google Images,google.kz/imgres
organic search,Google Images,google.la/imgres
organic search,Google Images,google.li/imgres
organic search,Google Images,google.lk/imgres
organic search,Google Images,google.lt/imgres
organic search,Google Images,google.lu/imgres
organic search,Google Images,google.lv/imgres
organic search,Google Images,google.md/imgres
organic search,Google Images,google.me/imgres
organic search,Google Images,google.mg/imgres
organic search,Google Images,google.mk/imgres
organic search,Google Images,google.ml/imgres
organic search,Google Images,google.mn/imgres
organic search,Google Images,google.ms/imgres
organic search,Google Images,google.mu/imgres
organic search,Google Images,google.mv/imgres
organic search,Google Images,google.mw/imgres
organic search,Google Images,google.ne/imgres
organic search,Google Images,google.nl/imgres
organic search,Google Images,google.no/imgres
organic search,Google Images,google.nr/imgres
organic search,Google Images,google.nu/imgres
organic search,Google Images,google.pl/imgres
organic search,Google Images,google.pn/imgres
organic search,Google Images,google.ps/imgres
organic search,Google Images,google.pt/imgres
organic search,Google Images,google.ro/imgres
organic search,Google Images,google.rs/imgres
organic search,Google Images,google.ru/imgres
organic search,Google Images,google.rw/imgres
organic search,Google Images,google.sc/imgres
organic search,Google Images,google.se/imgres
organic search,Google Images,google.sh/imgres
organic search,Google Images,google.si/imgres
organic search,Google Images,google.sk/imgres
organic search,Google Images,google.sm/imgres
organic search,Google Images,google.sn/imgres
organic search,Google Images,google.so/imgres
organic search,Google Images,google.st/imgres
organic search,Google Images,google.td/imgres
organic search,Google Images,google.tg/imgres
organic search,Google Images,google.tk/imgres
organic search,Google Images,google.tl/imgres
organic search,Google Images,google.tm/imgres
organic search,Google Images,google.to/imgres
organic search,Google Images,google.tt/imgres
organic search,Google Images,google.us/imgres
organic search,Google Images,google.vg/imgres
organic search,Google Images,google.vu/imgres
organic search,Google Images,images.google.ac
organic search,Google Images,images.google.ad
organic search,Google Images,images.google.ae
organic search,Google Images,images.google.am
organic search,Google Images,images.google.as
organic search,Google Images,images.google.at
organic search,Google Images,images.google.az
organic search,Google Images,images.google.ba
organic search,Google Images,images.google.be
organic search,Google Images,images.google.bf
organic search,Google Images,images.google.bg
organic search,Google Images,images.google.bi
organic search,Google Images,images.google.bj
organic search,Google Images,images.google.bs
organic search,Google Images,images.google.by
organic search,Google Images,images.google.ca
organic search,Google Images,images.google.cat
organic search,Google Images,images.google.cc
organic search,Google Images,images.google.cd
organic search,Google Images,images.google.cf
organic search,Google Images,images.google.cg
organic search,Google Images,images.google.ch
organic search,Google Images,images.google.ci
organic search,Google Images,images.google.cl
organic search,Google Images,images.google.cm
organic search,Google Images,images.google.cn
organic search,Google Images,images.google.co.bw
organic search,Google Images,images.google.co.ck
organic search,Google Images,images.google.co.cr
organic search,Google Images,images.google.co.id
organic search,Google Images,images.google.co.il
organic search,Google Images,images.google.co.in
organic search,Google Images,images.google.co.jp
organic search,Google Images,images.google.co.ke
organic search,Google Images,images.google.co.kr
organic search,Google Images,images.google.co.ls
organic search,Google Images,images.google.co.ma
organic search,Google Images,images.google.co.mz
organic search,Google Images,images.google.co.nz
organic search,Google Images,images.google.co.th
organic search,Google Images,images.google.co.tz
organic search,Google Images,images.google.co.ug
organic search,Google Images,images.google.co.uk
organic search,Google Images,images.google.co.uz
organic search,Google Images,images.google.co.ve
organic search,Google Images,images.google.co.vi
organic search,Google Images,images.google.co.za
organic search,Google Images,images.google.co.zm
organic search,Google Images,images.google.co.zw
organic search,Google Images,images.google.com
organic search,Google Images,images.google.com.af
organic search,Google Images,images.google.com.ag
organic search,Google Images,images.google.com.ai
organic search,Google Images,images.google.com.ar
organic search,Google Images,images.google.com.au
organic search,Google Images,images.google.com.bd
organic search,Google Images,images.google.com.bh
organic search,Google Images,images.google.com.bn
organic search,Google Images,images.google.com.bo
organic search,Google Images,images.google.com.br
organic search,Google Images,images.google.com.by
organic search,Google Images,images.google.com.bz
organic search,Google Images,images.google.com.co
organic search,Google Images,images.google.com.cu
organic search,Google Images,images.google.com.cy
organic search,Google Images,images.google.com.do
organic search,Google Images,images.google.com.ec
organic search,Google Images,images.google.com.eg
organic search,Google Images,images.google.com.et
organic search,Google Images,images.google.com.fj
organic search,Google Images,images.google.com.gh
organic search,Google Images,images.google.com.gi
organic search,Google Images,images.google.com.gt
organic search,Google Images,images.google.com.hk
organic search,Google Images,images.google.com.jm
organic search,Google Images,images.google.com.kh
organic search,Google Images,images.google.com.kw
organic search,Google Images,images.google.com.lb
organic search,Google Images,images.google.com.lc
organic search,Google Images,images.google.com.ly
organic search,Google Images,images.google.com.mt
organic search,Google Images,images.google.com.mx
organic search,Google Images,images.google.com.my
organic search,Google Images,images.google.com.na
organic search,Google Images,images.google.com.nf
organic search,Google Images,images.google.com.ng
organic search,Google Images,images.google.com.ni
organic search,Google Images,images.google.com.np
organic search,Google Images,images.google.com.om
organic search,Google Images,images.google.com.pa
organic search,Google Images,images.google.com.pe
organic search,Google Images,images.google.com.ph
organic search,Google Images,images.google.com.pk
organic search,Google Images,images.google.com.pr
organic search,Google Images,images.google.com.py
organic search,Google Images,images.google.com.qa
organic search,Google Images,images.google.com.sa
organic search,Google Images,images.google.com.sb
organic search,Google Images,images.google.com.sg
organic search,Google Images,images.google.com.sl
organic search,Google Images,images.google.com.sv
organic search,Google Images,images.google.com.tj
organic search,Google Images,images.google.com.tn
organic search,Google Images,images.google.com.tr
organic search,Google Images,images.google.com.tw
organic search,Google Images,images.google.com.ua
organic search,Google Images,images.google.com.uy
organic search,Google Images,images.google.com.vc
organic search,Google Images,images.google.com.vn
organic search,Google Images,images.google.cv
organic search,Google Images,images.google.cz
organic search,Google Images,images.google.de
organic search,Google Images,images.google.dj
organic search,Google Images,images.google.dk
organic search,Google Images,images.google.dm
organic search,Google Images,images.google.dz
organic search,Google Images,images.google.ee
organic search,Google Images,images.google.es
organic search,Google Images,images.google.fi
organic search,Google Images,images.google.fm
organic search,Google Images,images.google.fr
organic search,Google Images,images.google.ga
organic search,Google Images,images.google.gd
organic search,Google Images,images.google.ge
organic search,Google Images,images.google.gf
organic search,Google Images,images.google.gg
organic search,Google Images,images.google.gl
organic search,Google Images,images.google.gm
organic search,Google Images,images.google.gp
organic search,Google Images,images.google.gr
organic search,Google Images,images.google.gy
organic search,Google Images,images.google.hn
organic search,Google Images,images.google.hr
organic search,Google Images,images.google.ht
organic search,Google Images,images.google.hu
organic search,Google Images,images.google.ie
organic search,Google Images,images.google.im
organic search,Google Images,images.google.io
organic search,Google Images,images.google.iq
organic search,Google Images,images.google.is
organic search,Google Images,images.google.it
organic search,Google Images,images.google.it.ao
organic search,Google Images,images.google.je
organic search,Google Images,images.google.jo
organic search,Google Images,images.google.kg
organic search,Google Images,images.google.ki
organic search,Google Images,images.google.kz
organic search,Google Images,images.google.la
organic search,Google Images,images.google.li
organic search,Google Images,images.google.lk
organic search,Google Images,images.google.lt
organic search,Google Images,images.google.lu
organic search,Google Images,images.google.lv
organic search,Google Images,images.google.md
organic search,Google Images,images.google.me
organic search,Google Images,images.google.mg
organic search,Google Images,images.google.mk
organic search,Google Images,images.google.ml
organic search,Google Images,images.google.mn
organic search,Google Images,images.google.ms
organic search,Google Images,images.google.mu
organic search,Google Images,images.google.mv
organic search,Google Images,images.google.mw
organic search,Google Images,images.google.ne
organic search,Google Images,images.google.nl
organic search,Google Images,images.google.no
organic search,Google Images,images.google.nr
organic search,Google Images,images.google.nu
organic search,Google Images,images.google.pl
organic search,Google Images,images.google.pn
organic search,Google Images,images.google.ps
organic search,Google Images,images.google.pt
organic search,Google Images,images.google.ro
organic search,Google Images,images.google.rs
organic search,Google Images,images.google.ru
organic search,Google Images,images.google.rw
organic search,Google Images,images.google.sc
organic search,Google Images,images.google.se
organic search,Google Images,images.google.sh
organic search,Google Images,images.google.si
organic search,Google Images,images.google.sk
organic search,Google Images,images.google.sm
organic search,Google Images,images.google.sn
organic search,Google Images,images.google.so
organic search,Google Images,images.google.st
organic search,Google Images,images.google.td
organic search,Google Images,images.google.tg
organic search,Google Images,images.google.tk
organic search,Google Images,images.google.tl
organic search,Google Images,images.google.tm
organic search,Google Images,images.google.to
organic search,Google Images,images.google.tt
organic search,Google Images,images.google.us
organic search,Google Images,images.google.vg
organic search,Google Images,images.google.vu
organic search,Google Images,images.google.ws
organic search,Ask,ask.com
organic search,Ask,web.ask.com
organic search,Ask,int.ask.com
organic search,Ask,mws.ask.com
organic search,Ask,uk.ask.com
organic search,Ask,images.ask.com
organic search,Ask,ask.reference.com
organic search,Ask,askkids.com
organic search,Ask,iwon.ask.com
organic search,Ask,ask.co.uk
organic search,Ask,qbyrd.com
organic search,Ask,search-results.com
organic search,Ask,uk.search-results.com
organic search,Ask,int.search-results.com
organic search,Naver Images,image.search.naver.com
organic search,Naver Images,imagesearch.naver.com
organic search,soso.com,soso.com
organic search,RPMFind,rpmfind.net
organic search,RPMFind,fr2.rpmfind.net
organic search,Startsiden,startsiden.no
organic search,Freecause,search.freecause.com
organic search,Neti,neti.ee
organic search,Arcor,arcor.de
organic search,Google News,news.google.ac
organic search,Google News,news.google.ad
organic search,Google News,news.google.ae
organic search,Google News,news.google.am
organic search,Google News,news.google.as
organic search,Google News,news.google.at
organic search,Google News,news.google.az
organic search,Google News,news.google.ba
organic search,Google News,news.google.be
organic search,Google News,news.google.bf
organic search,Google News,news.google.bg
organic search,Google News,news.google.bi
organic search,Google News,news.google.bj
organic search,Google News,news.google.bs
organic search,Google News,news.google.by
organic search,Google News,news.google.ca
organic search,Google News,news.google.cat
organic search,Google News,news.google.cc
organic search,Google News,news.google.cd
organic search,Google News,news.google.cf
organic search,Google News,news.google.cg
organic search,Google News,news.google.ch
organic search,Google News,news.google.ci
organic search,Google News,news.google.cl
organic search,Google News,news.google.cm
organic search,Google News,news.google.cn
organic search,Google News,news.google.co.bw
organic search,Google News,news.google.co.ck
organic search,Google News,news.google.co.cr
organic search,Google News,news.google.co.id
organic search,Google News,news.google.co.il
organic search,Google News,news.google.co.in
organic search,Google News,news.google.co.jp
organic search,Google News,news.google.co.ke
organic search,Google News,news.google.co.kr
organic search,Google News,news.google.co.ls
organic search,Google News,news.google.co.ma
organic search,Google News,news.google.co.mz
organic search,Google News,news.google.co.nz
organic search,Google News,news.google.co.th
organic search,Google News,news.google.co.tz
organic search,Google News,news.google.co.ug
organic search,Google News,news.google.co.uk
organic search,Google News,news.google.co.uz
organic search,Google News,news.google.co.ve
organic search,Google News,news.google.co.vi
organic search,Google News,news.google.co.za
organic search,Google News,news.google.co.zm
organic search,Google News,news.google.co.zw
organic search,Google News,news.google.com
organic search,Google News,news.google.com.af
organic search,Google News,news.google.com.ag
organic search,Google News,news.google.com.ai
organic search,Google News,news.google.com.ar
organic search,Google News,news.google.com.au
organic search,Google News,news.google.com.bd
organic search,Google News,news.google.com.bh
organic search,Google News,news.google.com.bn
organic search,Google News,news.google.com.bo
organic search,Google News,news.google.com.br
organic search,Google News,news.google.com.by
organic search,Google News,news.google.com.bz
organic search,Google News,news.google.com.co
organic search,Google News,news.google.com.cu
organic search,Google News,news.google.com.cy
organic search,Google News,news.google.com.do
organic search,Google News,news.google.com.ec
organic search,Google News,news.google.com.eg
organic search,Google News,news.google.com.et
organic search,Google News,news.google.com.fj
organic search,Google News,news.google.com.gh
organic search,Google News,news.google.com.gi
organic search,Google News,news.google.com.gt
organic search,Google News,news.google.com.hk
organic search,Google News,news.google.com.jm
organic search,Google News,news.google.com.kh
organic search,Google News,news.google.com.kw
organic search,Google News,news.google.com.lb
organic search,Google News,news.google.com.lc
organic search,Google News,news.google.com.ly
organic search,Google News,news.google.com.mt
organic search,Google News,news.google.com.mx
organic search,Google News,news.google.com.my
organic search,Google News,news.google.com.na
organic search,Google News,news.google.com.nf
organic search,Google News,news.google.com.ng
organic search,Google News,news.google.com.ni
organic search,Google News,news.google.com.np
organic search,Google News,news.google.com.om
organic search,Google News,news.google.com.pa
organic search,Google News,news.google.com.pe
organic search,Google News,news.google.com.ph
organic search,Google News,news.google.com.pk
organic search,Google News,news.google.com.pr
organic search,Google News,news.google.com.py
organic search,Google News,news.google.com.qa
organic search,Google News,news.google.com.sa
organic search,Google News,news.google.com.sb
organic search,Google News,news.google.com.sg
organic search,Google News,news.google.com.sl
organic search,Google News,news.google.com.sv
organic search,Google News,news.google.com.tj
organic search,Google News,news.google.com.tn
organic search,Google News,news.google.com.tr
organic search,Google News,news.google.com.tw
organic search,Google News,news.google.com.ua
organic search,Google News,news.google.com.uy
organic search,Google News,news.google.com.vc
organic search,Google News,news.google.com.vn
organic search,Google News,news.google.cv
organic search,Google News,news.google.cz
organic search,Google News,news.google.de
organic search,Google News,news.google.dj
organic search,Google News,news.google.dk
organic search,Google News,news.google.dm
organic search,Google News,news.google.dz
organic search,Google News,news.google.ee
organic search,Google News,news.google.es
organic search,Google News,news.google.fi
organic search,Google News,news.google.fm
organic search,Google News,news.google.fr
organic search,Google News,news.google.ga
organic search,Google News,news.google.gd
organic search,Google News,news.google.ge
organic search,Google News,news.google.gf
organic search,Google News,news.google.gg
organic search,Google News,news.google.gl
organic search,Google News,news.google.gm
organic search,Google News,news.google.gp
organic search,Google News,news.google.gr
organic search,Google News,news.google.gy
organic search,Google News,news.google.hn
organic search,Google News,news.google.hr
organic search,Google News,news.google.ht
organic search,Google News,news.google.hu
organic search,Google News,news.google.ie
organic search,Google News,news.google.im
organic search,Google News,news.google.io
organic search,Google News,news.google.iq
organic search,Google News,news.google.is
organic search,Google News,news.google.it
organic search,Google News,news.google.it.ao
organic search,Google News,news.google.je
organic search,Google News,news.google.jo
organic search,Google News,news.google.kg
organic search,Google News,news.google.ki
organic search,Google News,news.google.kz
organic search,Google News,news.google.la
organic search,Google News,news.google.li
organic search,Google News,news.google.lk
organic search,Google News,news.google.lt
organic search,Google News,news.google.lu
organic search,Google News,news.google.lv
organic search,Google News,news.google.md
organic search,Google News,news.google.me
organic search,Google News,news.google.mg
organic search,Google News,news.google.mk
organic search,Google News,news.google.ml
organic search,Google News,news.google.mn
organic search,Google News,news.google.ms
organic search,Google News,news.google.mu
organic search,Google News,news.google.mv
organic search,Google News,news.google.mw
organic search,Google News,news.google.ne
organic search,Google News,news.google.nl
organic search,Google News,news.google.no
organic search,Google News,news.google.nr
organic search,Google News,news.google.nu
organic search,Google News,news.google.pl
organic search,Google News,news.google.pn
organic search,Google News,news.google.ps
organic search,Google News,news.google.pt
organic search,Google News,news.google.ro
organic search,Google News,news.google.rs
organic search,Google News,news.google.ru
organic search,Google News,news.google.rw
organic search,Google News,news.google.sc
organic search,Google News,news.google.se
organic search,Google News,news.google.sh
organic search,Google News,news.google.si
organic search,Google News,news.google.sk
organic search,Google News,news.google.sm
organic search,Google News,news.google.sn
organic search,Google News,news.google.so
organic search,Google News,news.google.st
organic search,Google News,news.google.td
organic search,Google News,news.google.tg
organic search,Google News,news.google.tk
organic search,Google News,news.google.tl
organic search,Google News,news.google.tm
organic search,Google News,news.google.to
organic search,Google News,news.google.tt
organic search,Google News,news.google.us
organic search,Google News,news.google.vg
organic search,Google News,news.google.vu
organic search,Google News,news.google.ws
organic search,Euroseek,euroseek.com
organic search,Dalesearch,dalesearch.com
organic search,TrovaRapido,trovarapido.com
organic search,Yandex Images,images.yandex.ru
organic search,Yandex Images,images.yandex.ua
organic search,Yandex Images,images.yandex.com
organic search,Google,google.com
organic search,Google,google.ac
organic search,Google,google.ad
organic search,Google,google.com.af
organic search,Google,google.com.ag
organic search,Google,google.com.ai
organic search,Google,google.am
organic search,Google,google.it.ao
organic search,Google,google.com.ar
organic search,Google,google.as
organic search,Google,google.at
organic search,Google,google.com.au
organic search,Google,google.az
organic search,Google,google.ba
organic search,Google,google.com.bd
organic search,Google,google.be
organic search,Google,google.bf
organic search,Google,google.bg
organic search,Google,google.com.bh
organic search,Google,google.bi
organic search,Google,google.bj
organic search,Google,google.com.bn
organic search,Google,google.com.bo
organic search,Google,google.com.br
organic search,Google,google.bs
organic search,Google,google.co.bw
organic search,Google,google.com.by
organic search,Google,google.by
organic search,Google,google.com.bz
organic search,Google,google.ca
organic search,Google,google.com.kh
organic search,Google,google.cc
organic search,Google,google.cd
organic search,Google,google.cf
organic search,Google,google.cat
organic search,Google,google.cg
organic search,Google,google.ch
organic search,Google,google.ci
organic search,Google,google.co.ck
organic search,Google,google.cl
organic search,Google,google.cm
organic search,Google,google.cn
organic search,Google,google.com.co
organic search,Google,google.co.cr
organic search,Google,google.com.cu
organic search,Google,google.cv
organic search,Google,google.com.cy
organic search,Google,google.cz
organic search,Google,google.de
organic search,Google,google.dj
organic search,Google,google.dk
organic search,Google,google.dm
organic search,Google,google.com.do
organic search,Google,google.dz
organic search,Google,google.com.ec
organic search,Google,google.ee
organic search,Google,google.com.eg
organic search,Google,google.es
organic search,Google,google.com.et
organic search,Google,google.fi
organic search,Google,google.com.fj
organic search,Google,google.fm
organic search,Google,google.fr
organic search,Google,google.ga
organic search,Google,google.gd
organic search,Google,google.ge
organic search,Google,google.gf
organic search,Google,google.gg
organic search,Google,google.com.gh
organic search,Google,google.com.gi
organic search,Google,google.gl
organic search,Google,google.gm
organic search,Google,google.gp
organic search,Google,google.gr
organic search,Google,google.com.gt
organic search,Google,google.gy
organic search,Google,google.com.hk
organic search,Google,google.hn
organic search,Google,google.hr
organic search,Google,google.ht
organic search,Google,google.hu
organic search,Google,google.co.id
organic search,Google,google.iq
organic search,Google,google.ie
organic search,Google,google.co.il
organic search,Google,google.im
organic search,Google,google.co.in
organic search,Google,google.io
organic search,Google,google.is
organic search,Google,google.it
organic search,Google,google.je
organic search,Google,google.com.jm
organic search,Google,google.jo
organic search,Google,google.co.jp
organic search,Google,google.co.ke
organic search,Google,google.ki
organic search,Google,google.kg
organic search,Google,google.co.kr
organic search,Google,google.com.kw
organic search,Google,google.kz
organic search,Google,google.la
organic search,Google,google.com.lb
organic search,Google,google.com.lc
organic search,Google,google.li
organic search,Google,google.lk
organic search,Google,google.co.ls
organic search,Google,google.lt
organic search,Google,google.lu
organic search,Google,google.lv
organic search,Google,google.com.ly
organic search,Google,google.co.ma
organic search,Google,google.md
organic search,Google,google.me
organic search,Google,google.mg
organic search,Google,google.mk
organic search,Google,google.ml
organic search,Google,google.mn
organic search,Google,google.ms
organic search,Google,google.com.mt
organic search,Google,google.mu
organic search,Google,google.mv
organic search,Google,google.mw
organic search,Google,google.com.mx
organic search,Google,google.com.my
organic search,Google,google.co.mz
organic search,Google,google.com.na
organic search,Google,google.ne
organic search,Google,google.com.nf
organic search,Google,google.com.ng
organic search,Google,google.com.ni
organic search,Google,google.nl
organic search,Google,google.no
organic search,Google,google.com.np
organic search,Google,google.nr
organic search,Google,google.nu
organic search,Google,google.co.nz
organic search,Google,google.com.om
organic search,Google,google.com.pa
organic search,Google,google.com.pe
organic search,Google,google.com.ph
organic search,Google,google.com.pk
organic search,Google,google.pl
organic search,Google,google.pn
organic search,Google,google.com.pr
organic search,Google,google.ps
organic search,Google,google.pt
organic search,Google,google.com.py
organic search,Google,google.com.qa
organic search,Google,google.ro
organic search,Google,google.rs
organic search,Google,google.ru
organic search,Google,google.rw
organic search,Google,google.com.sa
organic search,Google,google.com.sb
organic search,Google,google.sc
organic search,Google,google.se
organic search,Google,google.com.sg
organic search,Google,google.sh
organic search,Google,google.si
organic search,Google,google.sk
organic search,Google,google.com.sl
organic search,Google,google.sn
organic search,Google,google.sm
organic search,Google,google.so
organic search,Google,google.st
organic search,Google,google.com.sv
organic search,Google,google.td
organic search,Google,google.tg
organic search,Google,google.co.th
organic search,Google,google.com.tj
organic search,Google,google.tk
organic search,Google,google.tl
organic search,Google,google.tm
organic search,Google,google.to
organic search,Google,google.com.tn
organic search,Google,google.com.tr
organic search,Google,google.tt
organic search,Google,google.com.tw
organic search,Google,google.co.tz
organic search,Google,google.com.ua
organic search,Google,google.co.ug
organic search,Google,google.ae
organic search,Google,google.co.uk
organic search,Google,google.us
organic search,Google,google.com.uy
organic search,Google,google.co.uz
organic search,Google,google.com.vc
organic search,Google,google.co.ve
organic search,Google,google.vg
organic search,Google,google.co.vi
organic search,Google,google.com.vn
organic search,Google,google.vu
organic search,Google,google.ws
organic search,Google,google.co.za
organic search,Google,google.co.zm
organic search,Google,google.co.zw
organic search,Google,search.avg.com
organic search,Google,isearch.avg.com
organic search,Google,cnn.com
organic search,Google,darkoogle.com
organic search,Google,search.darkoogle.com
organic search,Google,search.foxtab.com
organic search,Google,gooofullsearch.com
organic search,Google,search.hiyo.com
organic search,Google,search.incredimail.com
organic search,Google,search1.incredimail.com
organic search,Google,search2.incredimail.com
organic search,Google,search3.incredimail.com
organic search,Google,search4.incredimail.com
organic search,Google,search.incredibar.com
organic search,Google,search.sweetim.com
organic search,Google,fastweb.it
organic search,Google,search.juno.com
organic search,Google,find.tdc.dk
organic search,Google,searchresults.verizon.com
organic search,Google,search.walla.co.il
organic search,Google,search.alot.com
organic search,Google,googleearth.de
organic search,Google,googleearth.fr
organic search,Google,webcache.googleusercontent.com
organic search,Google,encrypted.google.com
organic search,Google,googlesyndicatedsearch.com
organic search,SearchCanvas,searchcanvas.com
organic search,Alexa,alexa.com
organic search,Alexa,search.toolbars.alexa.com
organic search,Najdi,najdi.si
organic search,Blogpulse,blogpulse.com
organic search,YouGoo,yougoo.fr
organic search,Bing Images,bing.com/images/search
organic search,arama,arama.com
organic search,Goyellow.de,goyellow.de
organic search,Certified-Toolbar,search.certified-toolbar.com
organic search,1und1,search.1und1.de
organic search,AOL,search.aol.com
organic search,AOL,search.aol.it
organic search,AOL,aolsearch.aol.com
organic search,AOL,aolsearch.com
organic search,AOL,aolrecherche.aol.fr
organic search,AOL,aolrecherches.aol.fr
organic search,AOL,aolimages.aol.fr
organic search,AOL,aim.search.aol.com
organic search,AOL,recherche.aol.fr
organic search,AOL,find.web.aol.com
organic search,AOL,recherche.aol.ca
organic search,AOL,aolsearch.aol.co.uk
organic search,AOL,search.aol.co.uk
organic search,AOL,sucheaol.aol.de
organic search,AOL,suche.aol.de
organic search,AOL,suche.aolsvc.de
organic search,AOL,aolbusqueda.aol.com.mx
organic search,AOL,alicesuche.aol.de
organic search,AOL,alicesuchet.aol.de
organic search,AOL,suchet2.aol.de
organic search,AOL,search.hp.my.aol.com.au
organic search,AOL,search.hp.my.aol.de
organic search,AOL,search.hp.my.aol.it
organic search,AOL,search-intl.netscape.com
organic search,Freenet,suche.freenet.de
organic search,Sogou,sougou.com
organic search,Eurip,eurip.com
organic search,Monstercrawler,monstercrawler.com
organic search,Zoeken,zoeken.nl
organic search,Onet,szukaj.onet.pl
organic search,Freshweather,fresh-weather.com
organic search,Voila,search.ke.voila.fr
organic search,Voila,lemoteur.fr
organic search,Sharelook,sharelook.fr
organic search,Jungle Spider,jungle-spider.de
organic search,Orange,busca.orange.es
organic search,Orange,search.orange.co.uk
organic search,Rambler,nova.rambler.ru
organic search,Altavista,altavista.com
organic search,Altavista,search.altavista.com
organic search,Altavista,listings.altavista.com
organic search,Altavista,altavista.de
organic search,Altavista,altavista.fr
organic search,Altavista,be-nl.altavista.com
organic search,Altavista,be-fr.altavista.com
organic search,T-Online,suche.t-online.de
organic search,T-Online,brisbane.t-online.de
organic search,T-Online,navigationshilfe.t-online.de
organic search,Comcast,serach.comcast.net
organic search,Flix,flix.de
organic search,Virgilio,ricerca.virgilio.it
organic search,Virgilio,ricercaimmagini.virgilio.it
organic search,Virgilio,ricercavideo.virgilio.it
organic search,Virgilio,ricercanews.virgilio.it
organic search,Virgilio,mobile.virgilio.it
organic search,Metager,meta.rrzn.uni-hannover.de
organic search,Metager,metager.de
organic search,Bluewin,search.bluewin.ch
organic search,InfoSpace,infospace.com
organic search,InfoSpace,dogpile.com
organic search,InfoSpace,metacrawler.com
organic search,InfoSpace,webfetch.com
organic search,InfoSpace,webcrawler.com
organic search,InfoSpace,search.kiwee.com
organic search,InfoSpace,isearch.babylon.com
organic search,InfoSpace,start.facemoods.com
organic search,InfoSpace,search.magnetic.com
organic search,InfoSpace,search.searchcompletion.com
organic search,InfoSpace,clusty.com
organic search,Road Runner Search,search.rr.com
organic search,ICQ,icq.com
organic search,ICQ,search.icq.com
organic search,Metager2,metager2.de
organic search,Kvasir,kvasir.no
organic search,Daum,search.daum.net
organic search,Sapo,pesquisa.sapo.pt
organic search,Yahoo! Images,image.yahoo.cn
organic search,Yahoo! Images,images.search.yahoo.com
organic search,Technorati,technorati.com
organic search,DuckDuckGo,duckduckgo.com
organic search,Vinden,vinden.nl
organic search,Meta,meta.ua
organic search,Arianna,arianna.libero.it
organic search,Arianna,arianna.com
organic search,Icerockeet,blogs.icerocket.com
organic search,Tiscali,search.tiscali.it
organic search,Tiscali,search-dyn.tiscali.it
organic search,Tiscali,hledani.tiscali.cz
organic search,Yasni,yasni.de
organic search,Yasni,yasni.com
organic search,Yasni,yasni.co.uk
organic search,Yasni,yasni.ch
organic search,Yasni,yasni.at
organic search,MySearch,mysearch.com
organic search,MySearch,ms114.mysearch.com
organic search,MySearch,ms146.mysearch.com
organic search,MySearch,kf.mysearch.myway.com
organic search,MySearch,ki.mysearch.myway.com
organic search,MySearch,search.myway.com
organic search,MySearch,search.mywebsearch.com
organic search,Excite,search.excite.it
organic search,Excite,search.excite.fr
organic search,Excite,search.excite.de
organic search,Excite,search.excite.co.uk
organic search,Excite,serach.excite.es
organic search,Excite,search.excite.nl
organic search,Excite,msxml.excite.com
organic search,Excite,excite.co.jp
organic search,Yandex,yandex.ru
organic search,Yandex,yandex.ua
organic search,Yandex,yandex.com
organic search,Yandex,yandex.by
organic search,Interia,google.interia.pl
organic search,Atlas,searchatlas.centrum.cz
organic search,Hooseek.com,hooseek.com
organic search,earthlink,search.earthlink.net
organic search,DasTelefonbuch,.dastelefonbuch.de
organic search,Fixsuche,fixsuche.de
organic search,Opplysningen 1881,1881.no
organic search,PriceRunner,pricerunner.co.uk
organic search,Delfi,otsing.delfi.ee
organic search,Gnadenmeer,gnadenmeer.de
organic search,Paperball,paperball.de
organic search,Ecosia,ecosia.org
organic search,Witch,witch.de
organic search,Yatedo,yatedo.com
organic search,Yatedo,yatedo.fr
organic search,suche.info,suche.info
organic search,Clix,pesquisa.clix.pt
organic search,Fireball,fireball.de
organic search,Free,search.free.fr
organic search,Free,search1-2.free.fr
organic search,Free,search1-1.free.fr
organic search,Austronaut,.austronaut.at
organic search,Austronaut,.astronaut.at
organic search,Holmes,holmes.ge
organic search,GMX,suche.gmx.net
organic search,Trusted-Search,trusted--search.com
organic search,Francite,recherche.francite.com
organic search,Zoohoo,zoohoo.cz
organic search,Search.ch,search.ch
organic search,GAIS,gais.cs.ccu.edu.tw
organic search,Search.com,search.com
organic search,Online.no,online.no
organic search,Mister Wong,mister-wong.com
organic search,Mister Wong,mister-wong.de
organic search,Exalead,exalead.fr
organic search,Exalead,exalead.com
organic search,360.cn,so.360.cn
organic search,360.cn,so.com
organic search,Geona,geona.net
organic search,Wirtualna Polska,szukaj.wp.pl
organic search,Yippy,search.yippy.com
organic search,qip,search.qip.ru
organic search,Findwide,search.findwide.com
organic search,Google Product Search,google.ac/products
organic search,Google Product Search,google.ad/products
organic search,Google Product Search,google.ae/products
organic search,Google Product Search,google.am/products
organic search,Google Product Search,google.as/products
organic search,Google Product Search,google.at/products
organic search,Google Product Search,google.az/products
organic search,Google Product Search,google.ba/products
organic search,Google Product Search,google.be/products
organic search,Google Product Search,google.bf/products
organic search,Google Product Search,google.bg/products
organic search,Google Product Search,google.bi/products
organic search,Google Product Search,google.bj/products
organic search,Google Product Search,google.bs/products
organic search,Google Product Search,google.by/products
organic search,Google Product Search,google.ca/products
organic search,Google Product Search,google.cat/products
organic search,Google Product Search,google.cc/products
organic search,Google Product Search,google.cd/products
organic search,Google Product Search,google.cf/products
organic search,Google Product Search,google.cg/products
organic search,Google Product Search,google.ch/products
organic search,Google Product Search,google.ci/products
organic search,Google Product Search,google.cl/products
organic search,Google Product Search,google.cm/products
organic search,Google Product Search,google.cn/products
organic search,Google Product Search,google.co.bw/products
organic search,Google Product Search,google.co.ck/products
organic search,Google Product Search,google.co.cr/products
organic search,Google Product Search,google.co.id/products
organic search,Google Product Search,google.co.il/products
organic search,Google Product Search,google.co.in/products
organic search,Google Product Search,google.co.jp/products
organic search,Google Product Search,google.co.ke/products
organic search,Google Product Search,google.co.kr/products
organic search,Google Product Search,google.co.ls/products
organic search,Google Product Search,google.co.ma/products
organic search,Google Product Search,google.co.mz/products
organic search,Google Product Search,google.co.nz/products
organic search,Google Product Search,google.co.th/products
organic search,Google Product Search,google.co.tz/products
organic search,Google Product Search,google.co.ug/products
organic search,Google Product Search,google.co.uk/products
organic search,Google Product Search,google.co.uz/products
organic search,Google Product Search,google.co.ve/products
organic search,Google Product Search,google.co.vi/products
organic search,Google Product Search,google.co.za/products
organic search,Google Product Search,google.co.zm/products
organic search,Google Product Search,google.co.zw/products
organic search,Google Product Search,google.com/products
organic search,Google Product Search,google.com.af/products
organic search,Google Product Search,google.com.ag/products
organic search,Google Product Search,google.com.ai/products
organic search,Google Product Search,google.com.ar/products
organic search,Google Product Search,google.com.au/products
organic search,Google Product Search,google.com.bd/products
organic search,Google Product Search,google.com.bh/products
organic search,Google Product Search,google.com.bn/products
organic search,Google Product Search,google.com.bo/products
organic search,Google Product Search,google.com.br/products
organic search,Google Product Search,google.com.by/products
organic search,Google Product Search,google.com.bz/products
organic search,Google Product Search,google.com.co/products
organic search,Google Product Search,google.com.cu/products
organic search,Google Product Search,google.com.cy/products
organic search,Google Product Search,google.com.do/products
organic search,Google Product Search,google.com.ec/products
organic search,Google Product Search,google.com.eg/products
organic search,Google Product Search,google.com.et/products
organic search,Google Product Search,google.com.fj/products
organic search,Google Product Search,google.com.gh/products
organic search,Google Product Search,google.com.gi/products
organic search,Google Product Search,google.com.gt/products
organic search,Google Product Search,google.com.hk/products
organic search,Google Product Search,google.com.jm/products
organic search,Google Product Search,google.com.kh/products
organic search,Google Product Search,google.com.kw/products
organic search,Google Product Search,google.com.lb/products
organic search,Google Product Search,google.com.lc/products
organic search,Google Product Search,google.com.ly/products
organic search,Google Product Search,google.com.mt/products
organic search,Google Product Search,google.com.mx/products
organic search,Google Product Search,google.com.my/products
organic search,Google Product Search,google.com.na/products
organic search,Google Product Search,google.com.nf/products
organic search,Google Product Search,google.com.ng/products
organic search,Google Product Search,google.com.ni/products
organic search,Google Product Search,google.com.np/products
organic search,Google Product Search,google.com.om/products
organic search,Google Product Search,google.com.pa/products
organic search,Google Product Search,google.com.pe/products
organic search,Google Product Search,google.com.ph/products
organic search,Google Product Search,google.com.pk/products
organic search,Google Product Search,google.com.pr/products
organic search,Google Product Search,google.com.py/products
organic search,Google Product Search,google.com.qa/products
organic search,Google Product Search,google.com.sa/products
organic search,Google Product Search,google.com.sb/products
organic search,Google Product Search,google.com.sg/products
organic search,Google Product Search,google.com.sl/products
organic search,Google Product Search,google.com.sv/products
organic search,Google Product Search,google.com.tj/products
organic search,Google Product Search,google.com.tn/products
organic search,Google Product Search,google.com.tr/products
organic search,Google Product Search,google.com.tw/products
organic search,Google Product Search,google.com.ua/products
organic search,Google Product Search,google.com.uy/products
organic search,Google Product Search,google.com.vc/products
organic search,Google Product Search,google.com.vn/products
organic search,Google Product Search,google.cv/products
organic search,Google Product Search,google.cz/products
organic search,Google Product Search,google.de/products
organic search,Google Product Search,google.dj/products
organic search,Google Product Search,google.dk/products
organic search,Google Product Search,google.dm/products
organic search,Google Product Search,google.dz/products
organic search,Google Product Search,google.ee/products
organic search,Google Product Search,google.es/products
organic search,Google Product Search,google.fi/products
organic search,Google Product Search,google.fm/products
organic search,Google Product Search,google.fr/products
organic search,Google Product Search,google.ga/products
organic search,Google Product Search,google.gd/products
organic search,Google Product Search,google.ge/products
organic search,Google Product Search,google.gf/products
organic search,Google Product Search,google.gg/products
organic search,Google Product Search,google.gl/products
organic search,Google Product Search,google.gm/products
organic search,Google Product Search,google.gp/products
organic search,Google Product Search,google.gr/products
organic search,Google Product Search,google.gy/products
organic search,Google Product Search,google.hn/products
organic search,Google Product Search,google.hr/products
organic search,Google Product Search,google.ht/products
organic search,Google Product Search,google.hu/products
organic search,Google Product Search,google.ie/products
organic search,Google Product Search,google.im/products
organic search,Google Product Search,google.io/products
organic search,Google Product Search,google.iq/products
organic search,Google Product Search,google.is/products
organic search,Google Product Search,google.it/products
organic search,Google Product Search,google.it.ao/products
organic search,Google Product Search,google.je/products
organic search,Google Product Search,google.jo/products
organic search,Google Product Search,google.kg/products
organic search,Google Product Search,google.ki/products
organic search,Google Product Search,google.kz/products
organic search,Google Product Search,google.la/products
organic search,Google Product Search,google.li/products
organic search,Google Product Search,google.lk/products
organic search,Google Product Search,google.lt/products
organic search,Google Product Search,google.lu/products
organic search,Google Product Search,google.lv/products
organic search,Google Product Search,google.md/products
organic search,Google Product Search,google.me/products
organic search,Google Product Search,google.mg/products
organic search,Google Product Search,google.mk/products
organic search,Google Product Search,google.ml/products
organic search,Google Product Search,google.mn/products
organic search,Google Product Search,google.ms/products
organic search,Google Product Search,google.mu/products
organic search,Google Product Search,google.mv/products
organic search,Google Product Search,google.mw/products
organic search,Google Product Search,google.ne/products
organic search,Google Product Search,google.nl/products
organic search,Google Product Search,google.no/products
organic search,Google Product Search,google.nr/products
organic search,Google Product Search,google.nu/products
organic search,Google Product Search,google.pl/products
organic search,Google Product Search,google.pn/products
organic search,Google Product Search,google.ps/products
organic search,Google Product Search,google.pt/products
organic search,Google Product Search,google.ro/products
organic search,Google Product Search,google.rs/products
organic search,Google Product Search,google.ru/products
organic search,Google Product Search,google.rw/products
organic search,Google Product Search,google.sc/products
organic search,Google Product Search,google.se/products
organic search,Google Product Search,google.sh/products
organic search,Google Product Search,google.si/products
organic search,Google Product Search,google.sk/products
organic search,Google Product Search,google.sm/products
organic search,Google Product Search,google.sn/products
organic search,Google Product Search,google.so/products
organic search,Google Product Search,google.st/products
organic search,Google Product Search,google.td/products
organic search,Google Product Search,google.tg/products
organic search,Google Product Search,google.tk/products
organic search,Google Product Search,google.tl/products
organic search,Google Product Search,google.tm/products
organic search,Google Product Search,google.to/products
organic search,Google Product Search,google.tt/products
organic search,Google Product Search,google.us/products
organic search,Google Product Search,google.vg/products
organic search,Google Product Search,google.vu/products
organic search,Google Product Search,google.ws/products
organic search,Tixuma,tixuma.de
organic search,Marktplaats,marktplaats.nl
organic search,eo,eo.st
organic search,Volny,web.volny.cz
organic search,Yam,search.yam.com
organic search,Compuserve,websearch.cs.com
organic search,Fast Browser Search,fastbrowsersearch.com
organic search,Delfi latvia,smart.delfi.lv
organic search,Zhongsou,p.zhongsou.com
organic search,Suchnase,suchnase.de
organic search,Everyclick,everyclick.com
organic search,Rakuten,websearch.rakuten.co.jp
organic search,Naver,search.naver.com
organic search,DasOertliche,dasoertliche.de
organic search,Yahoo!,yahoo.com
organic search,Yahoo!,ar.search.yahoo.com
organic search,Yahoo!,ar.yahoo.com
organic search,Yahoo!,au.search.yahoo.com
organic search,Yahoo!,au.yahoo.com
organic search,Yahoo!,br.search.yahoo.com
organic search,Yahoo!,br.yahoo.com
organic search,Yahoo!,cade.searchde.yahoo.com
organic search,Yahoo!,cade.yahoo.com
organic search,Yahoo!,chinese.searchinese.yahoo.com
organic search,Yahoo!,chinese.yahoo.com
organic search,Yahoo!,cn.search.yahoo.com
organic search,Yahoo!,cn.yahoo.com
organic search,Yahoo!,de.search.yahoo.com
organic search,Yahoo!,de.yahoo.com
organic search,Yahoo!,dk.search.yahoo.com
organic search,Yahoo!,dk.yahoo.com
organic search,Yahoo!,es.search.yahoo.com
organic search,Yahoo!,es.yahoo.com
organic search,Yahoo!,espanol.searchpanol.yahoo.com
organic search,Yahoo!,espanol.yahoo.com
organic search,Yahoo!,fr.search.yahoo.com
organic search,Yahoo!,fr.yahoo.com
organic search,Yahoo!,ie.search.yahoo.com
organic search,Yahoo!,ie.yahoo.com
organic search,Yahoo!,it.search.yahoo.com
organic search,Yahoo!,it.yahoo.com
organic search,Yahoo!,kr.search.yahoo.com
organic search,Yahoo!,kr.yahoo.com
organic search,Yahoo!,mx.search.yahoo.com
organic search,Yahoo!,mx.yahoo.com
organic search,Yahoo!,no.search.yahoo.com
organic search,Yahoo!,no.yahoo.com
organic search,Yahoo!,nz.search.yahoo.com
organic search,Yahoo!,nz.yahoo.com
organic search,Yahoo!,one.cn.yahoo.com
organic search,Yahoo!,one.searchn.yahoo.com
organic search,Yahoo!,qc.search.yahoo.com
organic search,Yahoo!,qc.yahoo.com
organic search,Yahoo!,se.search.yahoo.com
organic search,Yahoo!,se.yahoo.com
organic search,Yahoo!,search.searcharch.yahoo.com
organic search,Yahoo!,search.yahoo.com
organic search,Yahoo!,uk.search.yahoo.com
organic search,Yahoo!,uk.yahoo.com
organic search,Yahoo!,yahoo.co.jp
organic search,Yahoo!,search.yahoo.co.jp
organic search,Yahoo!,cercato.it
organic search,Yahoo!,search.offerbox.com
organic search,Yahoo!,ys.mirostart.com
organic search,Abacho,abacho.de
organic search,Abacho,abacho.com
organic search,Abacho,abacho.co.uk
organic search,Abacho,se.abacho.com
organic search,Abacho,tr.abacho.com
organic search,Abacho,abacho.at
organic search,Abacho,abacho.fr
organic search,Abacho,abacho.es
organic search,Abacho,abacho.ch
organic search,Abacho,abacho.it
organic search,Trouvez.com,trouvez.com
organic search,Firstfind,firstsfind.com
organic search,Plazoo,plazoo.com
organic search,Gomeo,gomeo.com
organic search,Searchy,searchy.co.uk
organic search,1.cz,1.cz
organic search,Gule Sider,gulesider.no
organic search,Cuil,cuil.com
organic search,Winamp,search.winamp.com
organic search,Web.de,suche.web.de
organic search,ABCsk,abcsolk.no
organic search,ABCsk,verden.abcsok.no
organic search,La Toile Du Quebec Via Google,toile.com
organic search,La Toile Du Quebec Via Google,web.toile.com
organic search,dmoz,dmoz.org
organic search,dmoz,editors.dmoz.org
organic search,Acoon,acoon.de
organic search,blekko,blekko.com
organic search,Searchalot,searchalot.com
organic search,Kataweb,kataweb.it
organic search,Biglobe,cgi.search.biglobe.ne.jp
organic search,uol.com.br,busca.uol.com.br
unknown,Outbrain,paid.outbrain.com
unknown,Taboola,trc.taboola.com
unknown,Taboola,api.taboola.com
unknown,Google,support.google.com
unknown,Google,developers.google.com
unknown,Google,maps.google.com
unknown,Google,accounts.google.com
unknown,Google,drive.google.com
unknown,Google,sites.google.com
unknown,Google,groups.google.com
unknown,Google,groups.google.co.uk
unknown,Yahoo!,finance.yahoo.com
unknown,Yahoo!,news.yahoo.com
unknown,Yahoo!,eurosport.yahoo.com
unknown,Yahoo!,sports.yahoo.com
unknown,Yahoo!,astrology.yahoo.com
unknown,Yahoo!,travel.yahoo.com
unknown,Yahoo!,answers.yahoo.com
unknown,Yahoo!,screen.yahoo.com
unknown,Yahoo!,weather.yahoo.com
unknown,Yahoo!,messenger.yahoo.com
unknown,Yahoo!,games.yahoo.com
unknown,Yahoo!,shopping.yahoo.net
unknown,Yahoo!,movies.yahoo.com
unknown,Yahoo!,cars.yahoo.com
unknown,Yahoo!,lifestyle.yahoo.com
unknown,Yahoo!,omg.yahoo.com
unknown,Yahoo!,match.yahoo.net
organic social,Pinterest,pinterest.com
organic social,Pinterest,in.pinterest.com
organic social,Pinterest,pinterest.co.kr
organic social,Pinterest,pinterest.ru
organic social,Pinterest,pinterest.co.uk
organic social,Pinterest,br.pinterest.com
organic social,Pinterest,pinterest.es
organic social,Pinterest,id.pinterest.com
organic social,Pinterest,pinterest.fr
organic social,Pinterest,pinterest.ca
organic social,Pinterest,pinterest.jp
organic social,Pinterest,pinterest.de
organic social,Pinterest,pinterest.com.mx
organic social,Pinterest,pinterest.it
organic social,Pinterest,pinterest.com.au
organic social,Pinterest,pinterest.ph
organic social,Pinterest,pl.pinterest.com
organic social,Pinterest,nl.pinterest.com
organic social,Pinterest,tr.pinterest.com
organic social,Pinterest,co.pinterest.com
organic social,Pinterest,ar.pinterest.com
organic social,Pinterest,pinterest.pt
organic social,Pinterest,za.pinterest.com
organic social,Pinterest,pinterest.cl
organic social,Pinterest,pinterest.se
organic social,Pinterest,ro.pinterest.com
organic social,Pinterest,pinterest.dk
organic social,Pinterest,pinterest.at
organic social,Pinterest,pinterest.nz
organic social,Pinterest,pinterest.ch
organic social,Pinterest,cz.pinterest.com
organic social,Pinterest,hu.pinterest.com
organic social,Pinterest,gr.pinterest.com
organic social,Pinterest,pinterest.ie
organic social,Pinterest,no.pinterest.com
organic social,Pinterest,sk.pinterest.com
organic social,Pinterest,fi.pinterest.com
organic social,Instagram,l.instagram.com
organic social,Facebook,web.facebook.com
organic search,Baidu,m.baidu.com
organic social,Huaban,huaban.com
organic social,Vkontakte,away.vk.com
organic search,360.cn,360.cn
organic social,Zhihu,link.zhihu.com
organic social,Zhihu,zhihu.com
organic social,Tumblr,t.umblr.com
organic search,Sogou,sogou.com
organic search,Sogou,m.sogou.com
organic social,UISDC,uisdc.com
organic social,UISDC,hao.uisdc.com
